{"AZ": 1541.9499285493762, "ATL": 1523.1031140941886, "BAL": 1490.2868304028375, "BOS": 1475.8814588379373, "CHC": 1517.2186131557423, "CHW": 1381.326871193201, "CIN": 1485.6520101848123, "CLE": 1521.10758507992, "COL": 1463.393278944443, "DET": 1556.40873098419, "HOU": 1530.1481328002428, "KCR": 1501.8570802635916, "LAA": 1381.3636577783673, "LAD": 1586.9632432482094, "MIA": 1472.461815613337, "MIL": 1533.6363976515877, "MIN": 1433.1401717807175, "NYM": 1573.0120498533302, "NYY": 1524.4241924827295, "OAK": 1458.078389820484, "PHI": 1524.7507162721517, "PIT": 1481.6684463333127, "SD": 1574.4541953079179, "SF": 1504.4818840153278, "SEA": 1532.214470065873, "STL": 1527.5942053431695, "TBR": 1509.1608385591776, "TEX": 1491.8213037831017, "TOR": 1452.7674430219222, "WSN": 1449.6729445788005}